[{"id":"6281575886399@s.whatsapp.net","healt":80},{"id":"12496030270@s.whatsapp.net","healt":70},{"id":"6282331660134@s.whatsapp.net","healt":100},{"id":"6282331660134@s.whatsapp.net","healt":70},{"id":"6282331660134@s.whatsapp.net","healt":80},{"id":"6282331660134@s.whatsapp.net","healt":100},{"id":"6282331660134@s.whatsapp.net","healt":90},{"id":"6282331660134@s.whatsapp.net","healt":50},{"id":"6282331660134@s.whatsapp.net","healt":80},{"id":"6289630193133@s.whatsapp.net","healt":90},{"id":"6289630193133@s.whatsapp.net","healt":90},{"id":"6289630193133@s.whatsapp.net","healt":90},{"id":"6288975467930@s.whatsapp.net","healt":90},{"id":"6288975467930@s.whatsapp.net","healt":80},{"id":"6289630193133@s.whatsapp.net","healt":100},{"id":"6289630193133@s.whatsapp.net","healt":90},{"id":"6289630193133@s.whatsapp.net","healt":70},{"id":"6288975467930@s.whatsapp.net","healt":90},{"id":"6288975467930@s.whatsapp.net","healt":100},{"id":"6288986214649@s.whatsapp.net","healt":100},{"id":"62895341811618@s.whatsapp.net","healt":100},{"id":"6285334674485@s.whatsapp.net","healt":90},{"id":"6287760480575@s.whatsapp.net","healt":90},{"id":"6285745267782@s.whatsapp.net","healt":50},{"id":"62857452677827@s.whatsapp.net","healt":100},{"id":"62857452677827@s.whatsapp.net","healt":100},{"id":"62857452677827@s.whatsapp.net","healt":90},{"id":"6287826292008@s.whatsapp.net","healt":100},{"id":"6287826292008@s.whatsapp.net","healt":90},{"id":"6287826292008@s.whatsapp.net","healt":70},{"id":"6285224079032@s.whatsapp.net","healt":50},{"id":"6287826292008@s.whatsapp.net","healt":100},{"id":"6287826292008@s.whatsapp.net","healt":100}]