[{"id":"6281575886399@s.whatsapp.net","besi":17,"gold":10,"emerald":7,"umpan":5,"potion":1},{"id":"12496030270@s.whatsapp.net","besi":15,"gold":10,"emerald":5,"umpan":5,"potion":1},{"id":"6282331660134@s.whatsapp.net","besi":5,"gold":1,"emerald":1,"umpan":1,"potion":1},{"id":"6282331660134@s.whatsapp.net","besi":12,"gold":1,"emerald":2,"umpan":1,"potion":1},{"id":"6282331660134@s.whatsapp.net","besi":5,"gold":1,"emerald":1,"umpan":1,"potion":1},{"id":"6282331660134@s.whatsapp.net","besi":5,"gold":1,"emerald":1,"umpan":1,"potion":1},{"id":"6282331660134@s.whatsapp.net","besi":9,"gold":1,"emerald":0,"umpan":1,"potion":1},{"id":"6289630193133@s.whatsapp.net","besi":5,"gold":1,"emerald":1,"umpan":1,"potion":1},{"id":"6289630193133@s.whatsapp.net","besi":5,"gold":1,"emerald":1,"umpan":1,"potion":1},{"id":"6289630193133@s.whatsapp.net","besi":6,"gold":1,"emerald":1,"umpan":1,"potion":1},{"id":"6289630193133@s.whatsapp.net","besi":5,"gold":1,"emerald":1,"umpan":1,"potion":1},{"id":"6289630193133@s.whatsapp.net","besi":5,"gold":1,"emerald":1,"umpan":1,"potion":1},{"id":"6289630193133@s.whatsapp.net","besi":6,"gold":1,"emerald":3,"umpan":1,"potion":1},{"id":"6289630193133@s.whatsapp.net","besi":5,"gold":1,"emerald":1,"umpan":1,"potion":1},{"id":"6289630193133@s.whatsapp.net","besi":8,"gold":0,"emerald":2,"umpan":1,"potion":1},{"id":"6289630193133@s.whatsapp.net","besi":5,"gold":1,"emerald":1,"umpan":1,"potion":1},{"id":"6289630193133@s.whatsapp.net","besi":5,"gold":1,"emerald":1,"umpan":1,"potion":1},{"id":"6289630193133@s.whatsapp.net","besi":5,"gold":1,"emerald":1,"umpan":1,"potion":1},{"id":"6289630193133@s.whatsapp.net","besi":5,"gold":1,"emerald":1,"umpan":1,"potion":1},{"id":"6289630193133@s.whatsapp.net","besi":5,"gold":1,"emerald":1,"umpan":1,"potion":1},{"id":"6289630193133@s.whatsapp.net","besi":5,"gold":1,"emerald":1,"umpan":1,"potion":1},{"id":"6289630193133@s.whatsapp.net","besi":5,"gold":1,"emerald":1,"umpan":1,"potion":1},{"id":"6289630193133@s.whatsapp.net","besi":5,"gold":1,"emerald":1,"umpan":1,"potion":1},{"id":"6288975467930@s.whatsapp.net","besi":5,"gold":1,"emerald":1,"umpan":1,"potion":1},{"id":"6288975467930@s.whatsapp.net","besi":5,"gold":1,"emerald":1,"umpan":1,"potion":1},{"id":"6288986214649@s.whatsapp.net","besi":5,"gold":1,"emerald":1,"umpan":1,"potion":1},{"id":"62895341811618@s.whatsapp.net","besi":5,"gold":1,"emerald":1,"umpan":1,"potion":1},{"id":"6281279032190@s.whatsapp.net","besi":5,"gold":1,"emerald":1,"umpan":1,"potion":1},{"id":"6283842839555@s.whatsapp.net","besi":5,"gold":1,"emerald":3,"umpan":1,"potion":1},{"id":"6287760480575@s.whatsapp.net","besi":5,"gold":1,"emerald":1,"umpan":1,"potion":1},{"id":"6288271843019@s.whatsapp.net","besi":5,"gold":1,"emerald":1,"umpan":1,"potion":1},{"id":"6288293167807@s.whatsapp.net","besi":5,"gold":1,"emerald":1,"umpan":1,"potion":1},{"id":"6285774560074@s.whatsapp.net","besi":5,"gold":1,"emerald":1,"umpan":1,"potion":1},{"id":"62882003728763@s.whatsapp.net","besi":5,"gold":1,"emerald":1,"umpan":1,"potion":1},{"id":"60109102984@s.whatsapp.net","besi":5,"gold":1,"emerald":1,"umpan":1,"potion":1},{"id":"6285745267782@s.whatsapp.net","besi":6,"gold":1,"emerald":1,"umpan":1,"potion":1},{"id":"62857452677827@s.whatsapp.net","besi":5,"gold":1,"emerald":1,"umpan":1,"potion":1},{"id":"62857452677827@s.whatsapp.net","besi":5,"gold":1,"emerald":1,"umpan":1,"potion":1},{"id":"6287826292008@s.whatsapp.net","besi":5,"gold":1,"emerald":1,"umpan":1,"potion":1},{"id":"6287826292008@s.whatsapp.net","besi":5,"gold":1,"emerald":1,"umpan":1,"potion":1},{"id":"6287826292008@s.whatsapp.net","besi":5,"gold":1,"emerald":1,"umpan":3,"potion":1},{"id":"6285959048655@s.whatsapp.net","besi":5,"gold":1,"emerald":1,"umpan":1,"potion":1},{"id":"442045209723@s.whatsapp.net","besi":5,"gold":1,"emerald":1,"umpan":1,"potion":1},{"id":"442045209723@s.whatsapp.net","besi":5,"gold":1,"emerald":1,"umpan":1,"potion":1},{"id":"6287826292008@s.whatsapp.net","besi":5,"gold":1,"emerald":1,"umpan":1,"potion":1},{"id":"62895375577040@s.whatsapp.net","besi":5,"gold":1,"emerald":1,"umpan":1,"potion":1},{"id":"62895375577040@s.whatsapp.net","besi":5,"gold":1,"emerald":1,"umpan":1,"potion":1},{"id":"6287826292008@s.whatsapp.net","besi":5,"gold":1,"emerald":1,"umpan":1,"potion":1},{"id":"6287826292008@s.whatsapp.net","besi":5,"gold":1,"emerald":1,"umpan":1,"potion":1},{"id":"6287826292008@s.whatsapp.net","besi":5,"gold":1,"emerald":1,"umpan":1,"potion":1},{"id":"6287826292008@s.whatsapp.net","besi":5,"gold":1,"emerald":1,"umpan":1,"potion":1},{"id":"6287826292008@s.whatsapp.net","besi":5,"gold":1,"emerald":1,"umpan":1,"potion":3},{"id":"62895375577040@s.whatsapp.net","besi":5,"gold":1,"emerald":1,"umpan":1,"potion":1},{"id":"6285224079032@s.whatsapp.net","besi":5,"gold":1,"emerald":1,"umpan":1,"potion":1},{"id":"6287826292008@s.whatsapp.net","besi":5,"gold":1,"emerald":1,"umpan":1,"potion":1}]