[{"id":"62857452677827@s.whatsapp.net","name":"okta","age":"15","time":"09d8200cd9f5f01ff87c"},{"id":"6281225122825@s.whatsapp.net","name":"kimiko","age":"17","time":"be82db7c98921f3d73f0"},{"id":"6285648514679@s.whatsapp.net","name":"k","age":"19","time":"f0e1fcc287158e579bed"},{"id":"6285648514679@s.whatsapp.net","name":"k","age":"19","time":"e838d1135a5d2ecded80"},{"id":"6285648514679@s.whatsapp.net","name":"k","age":"19","time":"f4c056c293c93c9da970"},{"id":"6285648514679@s.whatsapp.net","name":"k","age":"21","time":"7a5eb6593af13fed0cb8"},{"id":"6287826292008@s.whatsapp.net","name":"Iwan","age":"23","time":"a445aa75760dbb986950"},{"id":"6287826292008@s.whatsapp.net","name":"daftar Didi","age":"24","time":"f7af71e6e30061d6d680"},{"id":"6287826292008@s.whatsapp.net","name":"wan","age":"31","time":"9e0a118ad706e8655c70"},{"id":"6285803017569@s.whatsapp.net","name":"dickzz","age":"17","time":"114575eb2bd0b332f160"},{"id":"6287826292008@s.whatsapp.net","name":"Dich","age":"50","time":"8168f4cacd30495a976d"},{"id":"6287826292008@s.whatsapp.net","name":"Dich","age":"18","time":"c0c981b23d27f12ec476"},{"id":"6287826292008@s.whatsapp.net","name":"Dich","age":"32","time":"2ee811fd202e46e6851d"},{"id":"6288221609445@s.whatsapp.net","name":"®xxxxx","age":"18","time":"bca0379c7306ced7b5c2"},{"id":"6287792274291@s.whatsapp.net","name":"lyzee","age":"15","time":"68a10744758f6bb7cd17"}]